INSERT INTO Room_Info (Room_info_id,Room_Type,Class,Capacity,Fee) VALUES("RI01","Standard","Double",2,100);
INSERT INTO Room_Info (Room_info_id,Room_Type,Class,Capacity,Fee) VALUES("RI02","Standard","Twin",2,200);
INSERT INTO Room_Info (Room_info_id,Room_Type,Class,Capacity,Fee) VALUES("RI03","Standard","Triple",3,300);
INSERT INTO Room_Info (Room_info_id,Room_Type,Class,Capacity,Fee) VALUES("RI04","Standard","Family",5,500);
INSERT INTO Room_Info (Room_info_id,Room_Type,Class,Capacity,Fee) VALUES("RI05","Superior","Double",2,100);
INSERT INTO Room_Info (Room_info_id,Room_Type,Class,Capacity,Fee) VALUES("RI06","Superior","Twin",2,200);
INSERT INTO Room_Info (Room_info_id,Room_Type,Class,Capacity,Fee) VALUES("RI07","Superior","Triple",3,300);
INSERT INTO Room_Info (Room_info_id,Room_Type,Class,Capacity,Fee) VALUES("RI08","Superior","Family",5,500);
INSERT INTO Room_Info (Room_info_id,Room_Type,Class,Capacity,Fee) VALUES("RI09","Deluxe","Double",2,100);
INSERT INTO Room_Info (Room_info_id,Room_Type,Class,Capacity,Fee) VALUES("RI10","Deluxe","Twin",2,200);
INSERT INTO Room_Info (Room_info_id,Room_Type,Class,Capacity,Fee) VALUES("RI11","Deluxe","Triple",3,300);
INSERT INTO Room_Info (Room_info_id,Room_Type,Class,Capacity,Fee) VALUES("RI12","Deluxe","Family",5,500);
INSERT INTO Room_Info (Room_info_id,Room_Type,Class,Capacity,Fee) VALUES("RI13","Suite","Double",2,100);
INSERT INTO Room_Info (Room_info_id,Room_Type,Class,Capacity,Fee) VALUES("RI14","Suite","Twin",2,200);
INSERT INTO Room_Info (Room_info_id,Room_Type,Class,Capacity,Fee) VALUES("RI15","Suite","Triple",3,300);
INSERT INTO Room_Info (Room_info_id,Room_Type,Class,Capacity,Fee) VALUES("RI16","Suite","Family",5,500);

INSERT INTO Employee_Info (Employee_Info_Id,Department,Grade,Room_Floor) VALUES("EI00","Owner","S",1);
INSERT INTO Employee_Info (Employee_Info_Id,Department,Grade,Room_Floor) VALUES("EI01","Front","A",1);

INSERT INTO Employee_Info (Employee_Info_Id,Department,Grade,Room_Floor) VALUES("EI02","Cleaner","C",2);
INSERT INTO Employee_Info (Employee_Info_Id,Department,Grade,Room_Floor) VALUES("EI03","Runner","B",2);
INSERT INTO Employee_Info (Employee_Info_Id,Department,Grade,Room_Floor) VALUES("EI04","Manager","A",2);

INSERT INTO Employee_Info (Employee_Info_Id,Department,Grade,Room_Floor) VALUES("EI05","Cleaner","C",3);
INSERT INTO Employee_Info (Employee_Info_Id,Department,Grade,Room_Floor) VALUES("EI06","Runner","B",3);
INSERT INTO Employee_Info (Employee_Info_Id,Department,Grade,Room_Floor) VALUES("EI07","Manager","A",3);

INSERT INTO Employee_Info (Employee_Info_Id,Department,Grade,Room_Floor) VALUES("EI08","Cleaner","C",4);
INSERT INTO Employee_Info (Employee_Info_Id,Department,Grade,Room_Floor) VALUES("EI09","Runner","B",4);
INSERT INTO Employee_Info (Employee_Info_Id,Department,Grade,Room_Floor) VALUES("EI10","Manager","A",4);

INSERT INTO Employee_Info (Employee_Info_Id,Department,Grade,Room_Floor) VALUES("EI11","Cleaner","C",5);
INSERT INTO Employee_Info (Employee_Info_Id,Department,Grade,Room_Floor) VALUES("EI12","Runner","B",5);
INSERT INTO Employee_Info (Employee_Info_Id,Department,Grade,Room_Floor) VALUES("EI13","Manager","A",5);

INSERT INTO Employee_Info (Employee_Info_Id,Department,Grade,Room_Floor) VALUES("EI14","Cleaner","C",6);
INSERT INTO Employee_Info (Employee_Info_Id,Department,Grade,Room_Floor) VALUES("EI15","Runner","B",6);
INSERT INTO Employee_Info (Employee_Info_Id,Department,Grade,Room_Floor) VALUES("EI16","Manager","A",6);

INSERT INTO Employee_Info (Employee_Info_Id,Department,Grade,Room_Floor) VALUES("EI17","Cleaner","C",7);
INSERT INTO Employee_Info (Employee_Info_Id,Department,Grade,Room_Floor) VALUES("EI18","Runner","B",7);
INSERT INTO Employee_Info (Employee_Info_Id,Department,Grade,Room_Floor) VALUES("EI19","Manager","A",7);

INSERT INTO Employee_Info (Employee_Info_Id,Department,Grade,Room_Floor) VALUES("EI20","Cleaner","C",8);
INSERT INTO Employee_Info (Employee_Info_Id,Department,Grade,Room_Floor) VALUES("EI21","Runner","B",8);
INSERT INTO Employee_Info (Employee_Info_Id,Department,Grade,Room_Floor) VALUES("EI22","Manager","A",8);

INSERT INTO Employee_Info (Employee_Info_Id,Department,Grade,Room_Floor) VALUES("EI23","Cleaner","C",9);
INSERT INTO Employee_Info (Employee_Info_Id,Department,Grade,Room_Floor) VALUES("EI24","Runner","B",9);
INSERT INTO Employee_Info (Employee_Info_Id,Department,Grade,Room_Floor) VALUES("EI25","Manager","A",9);

INSERT INTO Employee_Info (Employee_Info_Id,Department,Grade,Room_Floor) VALUES("EI26","Cleaner","C",10);
INSERT INTO Employee_Info (Employee_Info_Id,Department,Grade,Room_Floor) VALUES("EI27","Runner","B",10);
INSERT INTO Employee_Info (Employee_Info_Id,Department,Grade,Room_Floor) VALUES("EI28","Manager","A",10);

INSERT INTO Employee_Info (Employee_Info_Id,Department,Grade,Room_Floor) VALUES("EI29","Cleaner","C",11);
INSERT INTO Employee_Info (Employee_Info_Id,Department,Grade,Room_Floor) VALUES("EI30","Runner","B",11);
INSERT INTO Employee_Info (Employee_Info_Id,Department,Grade,Room_Floor) VALUES("EI31","Manager","A",11);

INSERT INTO Employee_Info (Employee_Info_Id,Department,Grade,Room_Floor) VALUES("EI32","Cleaner","C",12);
INSERT INTO Employee_Info (Employee_Info_Id,Department,Grade,Room_Floor) VALUES("EI33","Runner","B",12);
INSERT INTO Employee_Info (Employee_Info_Id,Department,Grade,Room_Floor) VALUES("EI34","Manager","A",12);

INSERT INTO Employee_Info (Employee_Info_Id,Department,Grade,Room_Floor) VALUES("EI35","Cleaner","C",13);
INSERT INTO Employee_Info (Employee_Info_Id,Department,Grade,Room_Floor) VALUES("EI36","Runner","B",13);
INSERT INTO Employee_Info (Employee_Info_Id,Department,Grade,Room_Floor) VALUES("EI37","Manager","A",13);

INSERT INTO Employee_Info (Employee_Info_Id,Department,Grade,Room_Floor) VALUES("EI38","Cleaner","C",14);
INSERT INTO Employee_Info (Employee_Info_Id,Department,Grade,Room_Floor) VALUES("EI39","Runner","B",14);
INSERT INTO Employee_Info (Employee_Info_Id,Department,Grade,Room_Floor) VALUES("EI40","Manager","A",14);

INSERT INTO Employee_Info (Employee_Info_Id,Department,Grade,Room_Floor) VALUES("EI41","Cleaner","C",15);
INSERT INTO Employee_Info (Employee_Info_Id,Department,Grade,Room_Floor) VALUES("EI42","Runner","B",15);
INSERT INTO Employee_Info (Employee_Info_Id,Department,Grade,Room_Floor) VALUES("EI43","Manager","A",15);

INSERT INTO Room(Room_id,Room_floor,Room_number,Room_info_id) VALUES("R001",2,0201,"RI01");
INSERT INTO Room(Room_id,Room_floor,Room_number,Room_info_id) VALUES("R003",2,0203,"RI02");
INSERT INTO Room(Room_id,Room_floor,Room_number,Room_info_id) VALUES("R004",2,0204,"RI03");
INSERT INTO Room(Room_id,Room_floor,Room_number,Room_info_id) VALUES("R005",2,0205,"RI04");
INSERT INTO Room(Room_id,Room_floor,Room_number,Room_info_id) VALUES("R031",2,0501,"RI05");
INSERT INTO Room(Room_id,Room_floor,Room_number,Room_info_id) VALUES("R033",2,0503,"RI06");
INSERT INTO Room(Room_id,Room_floor,Room_number,Room_info_id) VALUES("R034",2,0504,"RI07");
INSERT INTO Room(Room_id,Room_floor,Room_number,Room_info_id) VALUES("R035",2,0505,"RI08");
INSERT INTO Room(Room_id,Room_floor,Room_number,Room_info_id) VALUES("R071",2,0901,"RI09");
INSERT INTO Room(Room_id,Room_floor,Room_number,Room_info_id) VALUES("R073",2,0903,"RI10");
INSERT INTO Room(Room_id,Room_floor,Room_number,Room_info_id) VALUES("R074",2,0904,"RI11");
INSERT INTO Room(Room_id,Room_floor,Room_number,Room_info_id) VALUES("R075",2,0905,"RI12");
INSERT INTO Room(Room_id,Room_floor,Room_number,Room_info_id) VALUES("R131",2,1501,"RI13");
INSERT INTO Room(Room_id,Room_floor,Room_number,Room_info_id) VALUES("R133",2,1503,"RI14");
INSERT INTO Room(Room_id,Room_floor,Room_number,Room_info_id) VALUES("R134",2,1504,"RI15");
INSERT INTO Room(Room_id,Room_floor,Room_number,Room_info_id) VALUES("R135",2,1505,"RI16");

INSERT INTO Employee(Employee_id,Employee_Name,Gender,Account_Number,Salary,On_work,Employee_info_id) 
VALUES("E0000","Dumoknim","Male","110-473-044-003",10000000,1,"EI00");
INSERT INTO Employee(Employee_id,Employee_Name,Gender,Account_Number,Salary,On_work,Employee_info_id) 
VALUES("E0291","Kimyoushin","Female","110-472-192-193",10,1,"EI14");
INSERT INTO Employee(Employee_id,Employee_Name,Gender,Account_Number,Salary,On_work,Employee_info_id) 
VALUES("E0400","Leesua","Male","110-473-024-303",400,1,"EI14");
INSERT INTO Employee(Employee_id,Employee_Name,Gender,Account_Number,Salary,On_work,Employee_info_id) 
VALUES("E0223","LeonardoDiCaprio","Female","110-473-224-343",10,1,"EI14");
INSERT INTO Employee(Employee_id,Employee_Name,Gender,Account_Number,Salary,On_work,Employee_info_id) 
VALUES("E4444","Mojihwan","Female","110-473-144-203",2,0,"EI11");
INSERT INTO Employee(Employee_id,Employee_Name,Gender,Account_Number,Salary,On_work,Employee_info_id) 
VALUES("E0254","LionelMessi","Male","110-423-024-313",10000,1,"EI15");

INSERT INTO Reservation(Reservation_id,Room_id,check_in_Date,Check_Out_Date,Room_info_id)
VALUES(1001,"R035",202012018,202012019,"RI08");

INSERT INTO Customer(Customer_id,Customer_Name,Birthday,Gender,Phone_number,E_mail,Reservation_id)
VALUES(1,"Shinjjanggu",19990505,"Male","01029370597","n_junghoon@naver.com",1001);

